{
  "beacons": {
    "M6WAR": {
      "last": 1762536106.566695,
      "children": {
        "M0OLI": 1762536106.566695
      }
    },
    "M0OLI": {
      "last": 1762536184.2364557,
      "children": {
        "M6WAR": 1762536184.2364557
      }
    }
  }
}