{
  "beacons": {
    "M6WAR": {
      "last": 1762536709.8166,
      "children": {
        "M0OLI": 1762536709.8166
      }
    },
    "M0OLI": {
      "last": 1762536180.984985,
      "children": {
        "M6WAR": 1762536180.984985
      }
    }
  }
}